{
    "C(Pt)4": {
        "Ho": 15.099,
        "So": 1.619,
        "a0": 47622.28,
        "a1": -876.433,
        "a2": 4.07455,
        "a3": 0.000434,
        "a4": -2.06e-06,
        "a5": 1.61e-09,
        "a6": -4.06e-13,
        "a7": 3934.377,
        "a8": -25.1234,
        "raw": [15.099,1.6190,0.1922,1.7909,3.3024,4.2184,4.7567,5.0876,5.3020,5.4475,5.5504,5.6256,5.6820,5.7255,5.7596,5.7869,5.8091]
    },
    "C(C)(Pt)3": {
        "Ho": 13.369,
        "So": 2.8799,
        "a0": 25731.05,
        "a1": -557.904,
        "a2": 3.407032,
        "a3": 0.000604,
        "a4": -1.27e-06,
        "a5": 8.6e-10,
        "a6": -2.02e-13,
        "a7": 2232.0,
        "a8": -19.8199,
        "raw": [13.369,2.8799,0.8934,2.6584,3.8154,4.4959,4.9169,5.1926,5.3821,5.5182,5.6196,5.6976,5.7593,5.8091,5.8500,5.8841,5.912813133]
    },
    "C(C)(H)2(O)": {
        "Ho": -42.279,
        "So": 12.7281,
        "a0": -43788.7,
        "a1": 884.4159,
        "a2": -4.96861,
        "a3": 0.034264,
        "a4": -3.31e-05,
        "a5": 1.65e-08,
        "a6": -3.3e-12,
        "a7": -4966.46,
        "a8": 28.54844,
        "raw": [-42.279,12.7281,5.1836,7.9874,10.3443,12.6392,14.6240,16.2531,17.5881,18.6972,19.6311,20.4250,21.1044,21.6885,22.1926,22.6293,23.0089317]
    },
    "C(C)(H)(=O)": {
        "Ho": -39.151,
        "So": 13.9293,
        "a0": -16755.7,
        "a1": 327.455,
        "a2": -0.46561,
        "a3": 0.017077,
        "a4": -1.47e-05,
        "a5": 6.43e-09,
        "a6": -1.15e-12,
        "a7": -2424.8,
        "a8": 6.171802,
        "raw": [-39.151,13.9293,5.3670,7.2176,8.7567,10.1679,11.3872,12.4081,13.2528,13.9492,14.5239,14.9995,15.3950,15.7255,16.0035,16.2385,16.43861274]
    },
    "C(C)(H)(O)(Pt)": {
        "Ho": -43.989,
        "So": 8.2131,
        "a0": 2308.477,
        "a1": -45.5988,
        "a2": -0.17629,
        "a3": 0.022251,
        "a4": -2.35e-05,
        "a5": 1.25e-08,
        "a6": -2.61e-12,
        "a7": -484.868,
        "a8": -0.69806,
        "raw": [-43.989,8.2131,3.1812,6.4855,9.0691,11.1385,12.7251,13.9291,14.8639,15.6128,16.2289,16.7453,17.1835,17.5585,17.8813,18.1606,18.4032458]
    },
    "C(C)(Pt)(=O)": {
        "Ho": -45.401,
        "So": 9.8661,
        "a0": 17377.96,
        "a1": -430.259,
        "a2": 4.173869,
        "a3": 0.00375,
        "a4": -2.9e-06,
        "a5": 1.08e-09,
        "a6": -1.55e-13,
        "a7": 1122.211,
        "a8": -21.1596,
        "raw": [-45.401,9.8661,3.8871,6.1582,7.6007,8.5581,9.2521,9.7808,10.1923,10.5167,10.7754,10.9838,11.1536,11.2932,11.4091,11.5061,11.58800543]
    },
    "C(C)(O)(Pt)2": {
        "Ho": -48.357,
        "So": 7.896,
        "a0": 11882.65,
        "a1": -317.525,
        "a2": 2.232231,
        "a3": 0.014127,
        "a4": -1.52e-05,
        "a5": 8.13e-09,
        "a6": -1.69e-12,
        "a7": 674.7578,
        "a8": -13.3468,
        "raw": [-48.357,7.8960,3.0077,6.4036,8.6911,10.3480,11.5620,12.4576,13.1351,13.6646,14.0911,14.4429,14.7380,14.9887,15.2036,15.3890,15.54990645]
    },
    "C(H)(Pt)3": {
        "Ho": -7.369,
        "So": 2.315,
        "a0": 74314.28,
        "a1": -1320.45,
        "a2": 5.666134,
        "a3": 0.002643,
        "a4": -4.79e-06,
        "a5": 3.55e-09,
        "a6": -9.14e-13,
        "a7": 6001.562,
        "a8": -35.7339,
        "raw": [-7.369,2.3150,0.2239,2.5631,5.0202,6.6273,7.6328,8.3033,8.7922,9.1764,9.4938,9.7633,9.9952,10.1962,10.3711,10.5237,10.6571]
    },
    "C(H)2(Pt)2": {
        "Ho": -2.545,
        "So": 4.703,
        "a0": 52088.16,
        "a1": -922.729,
        "a2": 3.940699,
        "a3": 0.009209,
        "a4": -9.84e-06,
        "a5": 5.78e-09,
        "a6": -1.34e-12,
        "a7": 3923.971,
        "a8": -25.2444,
        "raw": [-2.545,4.7030,1.4906,4.2250,6.8566,8.7736,10.1275,11.1332,11.9323,12.6009,13.1766,13.6786,14.1183,14.5036,14.8415,15.1377,15.3977]
    },
    "C(C)(H)2(Pt)": {
        "Ho": -8.338,
        "So": 5.8134,
        "a0": -2160.72,
        "a1": 153.9807,
        "a2": -2.17118,
        "a3": 0.021211,
        "a4": -2.16e-05,
        "a5": 1.14e-08,
        "a6": -2.42e-12,
        "a7": -1010.9,
        "a8": 10.33855,
        "raw": [-8.338,5.8134,2.1241,4.0067,5.9916,7.7751,9.2044,10.3317,11.2455,12.0094,12.6615,13.2242,13.7124,14.1369,14.5066,14.8291,15.11103492]
    },
    "C(C)(H)(Pt)2": {
        "Ho": 2.182,
        "So": 3.5532,
        "a0": 21196.8,
        "a1": -347.68,
        "a2": 0.872262,
        "a3": 0.011395,
        "a4": -1.26e-05,
        "a5": 7.03e-09,
        "a6": -1.53e-12,
        "a7": 1383.859,
        "a8": -7.12408,
        "raw": [2.182,3.5532,1.0633,2.9708,4.7647,6.1445,7.1430,7.8777,8.4431,8.8974,9.2738,9.5916,9.8628,10.0959,10.2971,10.4715,10.6231458]
    },
    "C(H)2(O)(Pt)": {
        "Ho": -47.695,
        "So": 13.2195,
        "a0": -9943.31,
        "a1": 218.3721,
        "a2": -0.86188,
        "a3": 0.026558,
        "a4": -2.62e-05,
        "a5": 1.35e-08,
        "a6": -2.8e-12,
        "a7": -1995.38,
        "a8": 5.369507,
        "raw": [-47.695,13.2195,5.4347,8.6537,11.3254,13.6331,15.5041,16.9948,18.2057,19.2157,20.0750,20.8146,21.4553,22.0122,22.4975,22.9212,23.29205]
    },
    "C(H)3(Pt)": {
        "Ho": -13.556,
        "So": 11.264,
        "a0": -4104.09,
        "a1": 172.9651,
        "a2": -0.63314,
        "a3": 0.01995,
        "a4": -1.79e-05,
        "a5": 9.04e-09,
        "a6": -1.89e-12,
        "a7": -1555.97,
        "a8": 4.60437,
        "raw": [-13.556,11.2640,4.9892,6.9073,8.9182,10.7815,12.3532,13.6615,14.7752,15.7452,16.5999,17.3556,18.0230,18.6114,19.1292,19.5846,19.9852]
    },
    "C(C)(H)3": {
        "Ho": -20.169,
        "So": 9.9324,
        "a0": -49226.4,
        "a1": 969.995,
        "a2": -5.25613,
        "a3": 0.027956,
        "a4": -2.45e-05,
        "a5": 1.16e-08,
        "a6": -2.3e-12,
        "a7": -5173.03,
        "a8": 30.57572,
        "raw": [-20.169,9.9324,4.1402,6.0966,7.7591,9.5753,11.2695,12.7427,14.0134,15.1176,16.0824,16.9267,17.6653,18.3109,18.8749,19.3679,19.7993907]
    },
    "C(H)3(O)": {
        "Ho": -48.521,
        "So": 17.955,
        "a0": -63539.5,
        "a1": 1193.246,
        "a2": -4.89767,
        "a3": 0.03558,
        "a4": -3.17e-05,
        "a5": 1.51e-08,
        "a6": -2.97e-12,
        "a7": -6881.68,
        "a8": 31.25651,
        "raw": [-48.521,17.9550,7.8233,10.8268,13.0664,15.3949,17.5348,19.3754,20.9445,22.2931,23.4612,24.4771,25.3620,26.1336,26.8068,27.3948,27.90945]
    },
    "C(H)(Pt)(=O)": {
        "Ho": -47.331,
        "So": 16.055,
        "a0": 6110.653,
        "a1": -139.89,
        "a2": 2.921424,
        "a3": 0.009945,
        "a4": -8.08e-06,
        "a5": 3.52e-09,
        "a6": -6.45e-13,
        "a7": -430.776,
        "a8": -11.6364,
        "raw": [-47.331,16.0550,6.0623,8.0849,9.6692,10.9403,11.9621,12.7949,13.4840,14.0603,14.5454,14.9554,15.3032,15.5990,15.8514,16.0678,16.2539]
    },
    "C(H)(O)(Pt)2": {
        "Ho": -54.716,
        "So": 9.533,
        "a0": 8868.308,
        "a1": -253.105,
        "a2": 1.753694,
        "a3": 0.019545,
        "a4": -1.97e-05,
        "a5": 1.04e-08,
        "a6": -2.19e-12,
        "a7": 235.0995,
        "a8": -11.0313,
        "raw": [-54.716,9.5330,3.7291,7.7747,10.6281,12.8202,14.4961,15.7854,16.8095,17.6516,18.3617,18.9697,19.4945,19.9496,20.3453,20.6904,20.9919]
    },
    "C(Pt)2(=O)": {
        "Ho": -58.053,
        "So": 12.22,
        "a0": 40736.15,
        "a1": -956.488,
        "a2": 8.299863,
        "a3": -0.0072,
        "a4": 9.82e-06,
        "a5": -5.89e-09,
        "a6": 1.3e-12,
        "a7": 3356.16,
        "a8": -42.3579,