{
    "C(H)4": {
        "Ho": -22.899,
        "So": 19.51,
        "a0": -66522.20127,
        "a1": 1339.828001,
        "a2": -5.161073592,
        "a3": 0.023503198,
        "a4": -1.62e-05,
        "a5": 6.41e-09,
        "a6": -1.13e-12,
        "a7": -7230.0,
        "a8": 37.0,
        "raw": [-22.899,19.51,7.5107,7.9031,8.591,9.853,11.3015,12.7113,14.0204,15.218,16.3033,17.2783,18.1477,18.9184,19.5991,20.1991,20.7277]
    },
    "C(H)3(Ru)": {
        "Ho": -25.876,
        "So": 7.175,
        "a0": 28070.46711,
        "a1": -792.7704892,
        "a2": 5.767282883,
        "a3": 0.005014641,
        "a4": -1.48e-07,
        "a5": -1.09e-09,
        "a6": 3.06e-13,
        "a7": 2670.0,
        "a8": -33.2,
        "raw": [-25.876,7.175,2.2764,6.9441,9.7366,11.6877,13.2143,14.4756,15.5583,16.505,17.336,18.0639,18.6992,19.2523,19.7331,20.1511,20.5151]
    },
    "C(H)2(Ru)2": {
        "Ho": -17.723,
        "So": 4.763,
        "a0": 66420.94544,
        "a1": -1427.090108,
        "a2": 8.383537798,
        "a3": -0.003010767,
        "a4": 6.73e-06,
        "a5": -4.55e-09,
        "a6": 1.05e-12,
        "a7": 5940.0,
        "a8": -49.1,
        "raw": [-17.723,4.763,1.0265,5.0467,7.8614,9.6122,10.8583,11.8367,12.641,13.315,13.8847,14.3682,14.7796,15.1307,15.4313,15.6896,15.9122]
    },
    "C(H)(Ru)3": {
        "Ho": -16.444,
        "So": 3.009,
        "a0": 91054.60786,
        "a1": -1759.89639,
        "a2": 9.242834214,
        "a3": -0.006147103,
        "a4": 5.36e-06,
        "a5": -2.04e-09,
        "a6": 2.71e-13,
        "a7": 7810.0,
        "a8": -54.9,
        "raw": [-16.444,3.009,0.3697,3.3599,5.8928,7.339,8.1827,8.7312,9.1328,9.4544,9.7256,9.9601,10.1647,10.3439,10.501,10.6389,10.76]
    },
    "C(Ru)4": {
        "Ho": -2.856,
        "So": 1.758,
        "a0": 55776.4662,
        "a1": -1069.264225,
        "a2": 5.481163459,
        "a3": -0.002981984,
        "a4": 1.87e-06,
        "a5": -5.46e-10,
        "a6": 5.14e-14,
        "a7": 4760.0,
        "a8": -32.8,
        "raw": [-2.856,1.758,0.171,1.9951,3.563,4.4342,4.9228,5.2152,5.4017,5.527,5.615,5.6789,5.7268,5.7635,5.7923,5.8153,5.8339]
    },
    "C(C)(H)3": {
        "Ho": -19.96763512,
        "So": 8.192529561,
        "a0": -52456.97504,
        "a1": 978.5113717,
        "a2": -5.230603474,
        "a3": 0.0263854,
        "a4": -2.1e-05,
        "a5": 8.97e-09,
        "a6": -1.61e-12,
        "a7": -5200.0,
        "a8": 29.9,
        "raw": [-19.96763512,8.192529561,3.470018531,5.678653518,7.357332143,9.169302586,10.90033838,12.43807276,13.77506211,14.93200038,15.93161122,16.79426836,17.53823709,18.17991713,18.73399235,19.21333586,19.6290744]
    },
    "C(C)(H)2(Ru)": {
        "Ho": -14.50008531,
        "So": 4.865375738,
        "a0": 34.32127903,
        "a1": 39.58875034,
        "a2": -1.171458351,
        "a3": 0.018186233,
        "a4": -1.7e-05,
        "a5": 8.48e-09,
        "a6": -1.72e-12,
        "a7": -550.0,
        "a8": 4.52,
        "raw": [-14.50008531,4.865375738,1.757131704,4.076106679,6.136641481,7.910431013,9.342276573,10.49289605,11.4375674,12.22891369,12.89999788,13.47271204,13.96321209,14.38434435,14.74682908,15.05971288,15.3306253]
    },
    "C(C)2(H)2": {
        "Ho": -7.950950612,
        "So": 6.312550408,
        "a0": -36363.22183,
        "a1": 819.877117,
        "a2": -5.790264849,
        "a3": 0.026770264,
        "a4": -2.47e-05,
        "a5": 1.19e-08,
        "a6": -2.32e-12,
        "a7": -4060.0,
        "a8": 31.7,
        "raw": [-7.950950612,6.312550408,2.412422659,3.697551524,5.254112936,6.946277505,8.479944069,9.777899811,10.8644905,11.77909327,12.55390463,13.21336392,13.77645165,14.25864512,14.6727624,15.0295357,15.3379955]
    },
    "C(C)2(H)(Ru)": {
        "Ho": -3.761912136,
        "So": 2.818053523,
        "a0": -2228.249472,
        "a1": 122.9613589,
        "a2": -2.030141433,
        "a3": 0.017143576,
        "a4": -1.78e-05,
        "a5": 9.31e-09,
        "a6": -1.93e-12,
        "a7": -725.0,
        "a8": 8.99,
        "raw": [-3.761912136,2.818053523,1.037224996,2.623387042,4.216607175,5.61446142,6.716511211,7.567628136,8.237155571,8.776803778,9.22010679,9.589099478,9.899043066,10.16121742,10.38423529,10.57497109,10.7389341]
    },
    "C(C)(H)(Ru)2": {
        "Ho": -7.972594607,
        "So": 3.819274543,
        "a0": 23852.24819,
        "a1": -473.3722465,
        "a2": 2.293576157,
        "a3": 0.007584326,
        "a4": -8.01e-06,
        "a5": 4.36e-09,
        "a6": -9.39e-13,
        "a7": 1820.0,
        "a8": -14.5,
        "raw": [-7.972594607,3.819274543,1.247105913,3.487665046,5.24240483,6.500937067,7.398978249,8.062930105,8.57739861,8.992001129,9.335149263,9.623769524,9.868947224,10.078535,10.25857544,10.41390441,10.54841579]
    },
    "C(C)(Ru)3": {
        "Ho": -1.149390613,
        "So": 3.291080753,
        "a0": 23829.18355,
        "a1": -522.5900188,
        "a2": 3.341738796,
        "a3": 0.000847203,
        "a4": -2.39e-06,
        "a5": 1.86e-09,
        "a6": -4.74e-13,
        "a7": 2040.0,
        "a8": -19.2,
        "raw": [-1.149390613,3.291080753,1.115391027,2.809009967,3.867136843,4.470151678,4.815697697,5.017140222,5.1412978,5.225565114,5.289290415,5.34176168,5.387303555,5.42785641,5.46437844,5.497337598,5.527098549]
    },
    "C(C)2(Ru)2": {
        "Ho": 3.048548621,
        "So": 1.967862565,
        "a0": 14180.84637,
        "a1": -288.3637689,
        "a2": 1.389653542,
        "a3": 0.005386022,
        "a4": -7.1e-06,
        "a5": 4.24e-09,
        "a6": -9.47e-13,
        "a7": 1090.0,
        "a8": -9.14,
        "raw": [3.048548621,1.967862565,0.786533743,2.245561866,3.306369611,4.029317888,4.499222396,4.806234425,5.015216643,5.16569287,5.280128884,5.371102927,5.445737972,5.508324318,5.561547572,5.607278016,5.646881055]
    },
    "C(C)3(Ru)": {
        "Ho": 4.256745797,
        "So": 0.78253128,
        "a0": 20107.49759,
        "a1": -280.368837,
        "a2": -0.121441761,
        "a3": 0.010368494,
        "a4": -1.31e-05,
        "a5": 7.66e-09,
        "a6": -1.68e-12,
        "a7": 1340.0,
        "a8": -2.31,
        "raw": [4.256745797,0.78253128,-0.00305373,1.17118849,2.541597943,3.58173545,4.288762071,4.7597784,5.082473438,5.314397517,5.489346976,5.626748952,5.737932605,5.829901789,5.907082484,5.972608343,6.028769071]
    },
    "C(C)3(H)": {
        "Ho": 8.164602789,
        "So": 2.905800009,
        "a0": -1099.964912,
        "a1": 202.4002661,
        "a2": -3.520914136,
        "a3": 0.02106456,
        "a4": -2.23e-05,
        "a5": 1.18e-08,
        "a6": -2.46e-12,
        "a7": -868.0,
        "a8": 16.8,
        "raw": [8.164602789,2.905800009,0.572036988,1.74553335,3.459736626,5.036020083,6.293992426,7.262743183,8.018882606,8.624676356,9.121193836,9.534879008,9.883378758,10.17932596,10.4321495,10.64923835,10.83655817]
    }
}